audit_order,freeze_order,archive_study_id,paradigm_group,randomization_unit,design_class,arm_structure,action_set_status,modality,primary_track,scientific_status,outcome_mapping_status,exclusion_reason,outcome_access,notes
1,1,Bougher893,affective_polarization_issue_agreement,participant,personalized_3x3_factorial_with_nested_randomization,"Three party-cue configurations crossed with aligned versus cross-pressured issue profiles; candidate column, issue order, and candidate-to-profile assignment are also randomized.",not_a_coherent_deployable_arm_set,text,ineligible,ineligible,not_applicable,target_attributes_and_no_stable_decision_utility,result_text_exposed_ineligible,"The randomized cells jointly change candidate party composition and participant-specific issue agreement rather than alternative interventions available to one decision-maker. Candidate A/B is not a stable beneficiary because profile assignment is randomized, and the source-primary candidate/party affect construct would require a separately justified composite welfare utility. Excluded without using response values or treatment effects. Participant records were never opened, but published aggregate result text was incidentally visible during source retrieval; this exposure is logged and the ineligible study is barred from any untouched evaluation stratum."
2,2,brandtS1,foreclosure_controllability_attribution,participant,between_subject_2x2_vignette,"Onset controllability crossed with offset controllability to create four foreclosure-household scenarios; one vignette is followed by fixed post-treatment measures.",scenario_attributes_not_deployable_actions,text,ineligible,ineligible,not_applicable,scenario_target_attributes_not_deployable_actions,result_text_exposed_ineligible,"Cells change why a household entered and remained in foreclosure, which are attributes of different target situations rather than interventions assignable by one decision-maker to a stable target. A communication-frame reinterpretation would add an unsupported truthfulness constraint and invented operational objective. No participant data were opened; qualitative aggregate-result snippets were incidentally exposed during source discovery and were not used."
3,3,patriot_act,dynamic_framing_and_processing,participant,multiwave_16_arm_sequence_factorial,"Control plus processing-mode by first-wave frame packages and processing-mode by opposing first-to-second-wave frame sequences; support is measured after treatment at both waves roughly ten days apart.",no_coherent_full_action_set,text,ineligible,ineligible,not_applicable,no_coherent_full_action_set_or_defensible_stable_utility,result_text_exposed_ineligible,"The full arm set mixes opposing persuasion goals, artificial processing instructions, and message sequences with intended carryover, so one stable decision-maker and monotone utility cannot be declared across all arms. T1 is post-treatment, T2 attrition needs a separate estimator, and exact stimuli are incomplete. No participant data were opened; aggregate result-bearing snippets were incidentally exposed and not used."
4,4,Melin1066,hybrid_femininity_hiring_evaluation,participant,between_subject_2x3_factorial_vignette,"Applicant occupational history (military or cosmetics) crossed with target job context (automotive, wedding/events, or consulting); presentation order is randomized for several outcome blocks.",factorial_target_attributes_not_deployable_actions,text,ineligible,ineligible,not_applicable,factorial_target_attributes_no_deployable_action_set_or_stable_utility,result_text_exposed_ineligible,"Cells jointly change an applicant's past biography and the target job/market rather than interventions applied to one fixed target. Salary also has opposing applicant and employer utilities, while masculinity lacks a defensible monotone direction. No participant data were opened; aggregate result-bearing snippets were incidentally exposed and not used."
5,5,ThorsonS42,misinformation_question_scope,participant,between_subject_2x2_question_wording_order,"Social-media-specific versus generic misinformation wording is crossed with whether the trust block appears before or after the wording block; additional study-block and item order are randomized.",measurement_only_and_duplicate,text,ineligible,ineligible,not_applicable,duplicate_of_socsci210_xtvu5,sealed,"Exact title and OSF node match the already audited SocSci210 experiment xtvu5, so this row cannot add an independent experiment. Independently, the randomized factors change survey wording and measurement order rather than a deployable substantive intervention, and some nominal cells measure trust before the framing. No participant file or result-bearing text was opened."
6,6,Harbridge-Yong1032,legislative_agenda_and_ignored_alternatives,participant,nested_factorial_with_frozen_action_subset,"Eight nominal cells vary majority party, policy context, ignored-alternative sponsor, and nested alternative content. The frozen primary subset uses cells 1, 2, and 3: a fixed Democratic-majority green-energy context with omission, bipartisan disclosure, or minority-party disclosure.",coherent_for_frozen_cells_1_2_3,text,extension_factorial_action_subset,eligible_extension,source_verified,,result_text_exposed_non_test,"A communicator can choose among three exact disclosure policies while population, context, beneficiary, outcome, and estimand remain fixed. Source Q2 congressional confidence (1–5; higher is better for a declared institutional-communication objective) follows the frozen outcome hierarchy. Maximizing confidence is not claimed as public welfare. Field allocation probabilities and the study-specific weight still require resolution before scoring. A mixed archive was briefly downloaded, participant members were not extracted or opened, and the archive was removed. Prior-pilot result text was incidentally exposed, so the task is development-only."
7,7,converseS16,religious_belief_attribution,unresolved,multiple_studies_under_one_article,"The source article contains seven studies; the archive ID cannot be mapped to one fielded experiment, and the blocked supplement prevents verification of the exact randomized cells, instrument, outcome scale, and action set.",source_identity_and_action_set_unresolved,text,ineligible,ineligible,not_applicable,unresolved_experiment_identity_and_no_verified_action_utility,result_text_exposed_ineligible,"Accessible methods indicate repeated belief-attribution surveys and separate causal experiments, but the archive row cannot be assigned confidently to a specific study. No faithful simulator bundle or DecisionTask can be declared. No participant result file was opened; official metadata unexpectedly exposed aggregate result-bearing abstract text, which was not used."
8,8,Krupnikov719,survey_transparency_disclosure_and_response_quality,participant,between_subject_three_arm_disclosure_with_post_treatment_consent_gate_and_randomized_battery_order,"Generic political-question transition; public-data disclosure with anonymity assurance; or the same disclosure plus an anti-fraud rationale. Continuation is measured immediately after assignment, and substantive batteries follow only for continuers.",coherent_truthful_subset_but_no_admissible_scored_outcome,text,ineligible,ineligible,source_verified_no_defensible_utility,no_source_verified_stable_utility_and_post_treatment_selection,result_text_exposed_ineligible,"The truthful disclosure subset is deployable, but the catalogued abortion, racial-attitude, and income outcomes have no defensible survey-quality orientation. Potentially objective knowledge outcomes are observed only after treatment-affected continuation, so complete-case contrasts condition on post-treatment selection; no source-grounded joint yield/accuracy utility exists. No participant file was extracted or opened. Prior-pilot text and arm-level response-rate process statistics were incidentally exposed and were not used."
9,9,ShannonS2,public_benefit_immigrant_cue_and_savings,participant,between_subject_3x2_factorial_with_repeated_policy_vignettes_and_randomized_order,"Six stable message groups cross beneficiary cue (none, immigrant, or illegal immigrant) with numeric savings information (absent or present). The same assigned policy is used across child-tax-credit, WIC, and in-state-tuition vignettes shown in randomized order.",coherent_six_arm_message_policy_with_repeated_contexts,text,extension_factorial_repeated_message,eligible_extension,source_verified_pending_order_averaging_contract,,sealed,"The source-designated child-tax-credit agreement item provides one primary five-level ordinal utility for a declared outreach-support objective; all six randomized message policies remain admissible. WIC and tuition are repeated outcomes from the same experiment, not additional tasks. Before scoring, freeze an estimator marginal over the independently randomized six-order distribution, verify item mapping and missing codes, and declare weighted versus released-sample estimation. No participant data or result-bearing text was opened."
10,10,AnsonBRIEF60,personalized_economic_news_belief_updating,participant,between_subject_personalized_policy_with_independent_co_module,"After a pre-treatment topic preference, assignment chooses either a positive story matched to that preference or an unrelated Verizon story. An independently randomized colocated module occurs before the post-story outcomes.",coherent_personalized_policy_for_declared_persuasion_objective,text,extension_personalized_policy,eligible_extension,instrument_verified_source_data_mapping_pending,,result_text_exposed_non_test,"A communicator can choose a personalized positive-economic-news policy versus unrelated news while preserving each persona's pre-treatment topic preference across arms. The primary source item is five-level overall-economy positivity for a narrow persuasion objective, not truth or public welfare. Scoring remains blocked on a routing-label discrepancy, response code/missingness/weight mapping, and a frozen co-module marginalization rule. No participant file was extracted or opened; prior-pilot result text was incidentally exposed, so the task is development-only."
11,12,Craig735,demographic_change_status_threat,participant,between_subject_three_arm_demographic_information_frame,"Hispanic population-growth press release; Asian population-growth press release; or unrelated Census geographic-mobility control. Policy and attitude item blocks are partly randomized after assignment.",deployable_messages_but_no_stable_decision_utility,text,ineligible,ineligible,not_applicable,ideologically_contested_policy_outcomes_no_defensible_stable_utility,sealed,"This is a distinct 2016 fielding from system_threat/SocSci210 345ms but belongs in the same paradigm group for splitting. The exact messages are deployable, yet immigration, defense, interrogation, threat, and ideology outcomes lack a source-declared beneficiary or defensible monotone utility. No participant data or result-bearing text was opened."
12,13,Iles1294,conflicting_health_information_and_science_communication,participant,between_subject_2x4_factual_evidence_and_conflict_factorial,"Recommendation direction (limit or do not limit red meat) is crossed with conflict in evidence, conflict between sources, within-source reversal, or no-conflict consensus, producing eight text cells.",factual_evidence_state_not_fixed_no_deployable_action_set,text,ineligible,ineligible,source_verified,message_cells_change_factual_evidence_state_not_deployable_actions,sealed,"Confusion has a clean lower-is-better source utility, but the cells alter the actual evidence and expert positions rather than truthful communication actions under one fixed world. No outcome-blind subset preserves the evidence state while varying only a deployable message. Participant data and results remained sealed."
13,14,Blair1131,crisis_response_strategy_and_public_approval,participant,between_subject_2x2x2x3_factorial_with_frozen_action_subset,"Twenty-four cells cross foreign-leader gender, U.S.-president party, U.S.-president gender, and three crisis actions. The deterministic subset rule freezes source cells 1–3: one male foreign leader and one Republican male president context with stay out, threaten then back down, or threaten then engage.",coherent_for_frozen_cells_1_2_3,text,extension_factorial_action_subset,eligible_extension,source_verified_scoring_contract_complete,,sealed,"A presidential political adviser can choose among three complete crisis-response strategies in one fixed context; source Q3 provides a 1–7 public-approval utility for the narrow incumbent-reputation objective. Approval is not national-security, humanitarian, or public-welfare utility. Cells 4–24 remain alternative contexts and cannot create additional tasks. Outcome-blind schema inspection froze BLAIR, Q3, WEIGHT, RND_02, PARTYID7, missing codes 77/98/99, equal name marginalization, weighted Hajek estimation, and design support of 104/88/99 rows. No Q3 value, outcome summary, effect, or winner was opened. This remains an extension and fails the stricter Phase 1 100-row support floor in two arms."
14,15,KrupnikovS34,political_identity_question_wording,participant,between_subject_2x2_measurement_wording_with_randomized_module_order,"Partisan self-identification think-versus-feel wording is crossed with identity-importance think-versus-feel wording. The module is embedded among independently randomized experiments and block order is randomized.",measurement_wording_only_no_decision_utility,text,ineligible,ineligible,not_applicable,measurement_wording_treatment_no_post_intervention_outcome_or_stable_utility,sealed,"The randomized packages alter survey measurement wording itself, and the catalogued partisanship response is the treatment question rather than a downstream decision outcome. Partisan placement and identity importance have no source-grounded monotone utility or stable beneficiary. No participant data or result-bearing text was opened."
15,16,turagaS11,environmental_risk_information_and_personal_responsibility,participant,between_subject_three_arm_information_emphasis,"All arms share a mercury-risk passage. The communicator adds no statistic, a community contamination/severity statistic, or a household-responsibility statistic before identical willingness questions.",coherent_three_arm_information_policy,text,core_simple,eligible_extension,source_verified_scoring_contract_complete,,sealed,"The three truthful message-emphasis policies are deployable in one fixed factual context. The frozen questionnaire-order primary is Q6a willingness to write in support of stronger mercury-control policies, ordinal 1–5 with higher better for a declared environmental-health communication objective. Outcome-blind schema inspection froze XTESS030, routed Q6COa/Q6STa/Q6ARa outcome fields, source weight, missing code -1, weighted Hajek estimation, and design support of 247/258/269 rows. No Q6 value, outcome summary, effect, or winner was opened; historical truth-context limitations remain explicit."
16,17,SchaadS62,transgender_identity_narrative_and_legitimacy,participant,nested_eight_cell_target_identity_vignette,"Eight feasible cells vary assigned sex, current binary or non-binary gender identity, and a conforming or nonconforming childhood narrative; randomized module order may place other experiments first.",target_identity_and_biographical_attributes_not_deployable_actions,text,ineligible,ineligible,not_applicable,duplicate_of_socsci210_9nphm,sealed,"The official OSF node is exactly SocSci210 study 9nphm, so the row cannot add an independent experiment. Independently, cells change the target's identity and biography rather than actions available to one decision-maker; conformity-pair subsets would require altering biographical facts. No participant data or result-bearing text was opened."
17,18,dennyS17,workplace_evaluation_parenthood_race,participant,between_subject_4x3_applicant_attribute_factorial,"Twelve cells cross four race-cued applicant names with no children, two children with low involvement, or two children with high involvement before common workplace evaluations.",target_attributes_not_deployable,text,ineligible,ineligible,not_applicable,factorial_applicant_race_and_fatherhood_attributes_not_deployable_actions,result_text_exposed_ineligible,"The instrument proves that race cues, fatherhood status, and parental-involvement biography are attributes of a fictional applicant rather than interventions one decision-maker can assign to a stable target. Holding race fixed does not make child status or biography deployable. The staged audit stopped after the final instrument. No participant file was extracted or opened; the official TESS page unexpectedly exposed result-bearing summary text, which was not used and bars the row from untouched evaluation."
18,19,death_penalty,unresolved,unresolved,unresolved,"No final instrument, programmed questionnaire, codebook, supplement, or official design repository was recovered from direct DOI and repository metadata; treatment cells and outcome scale remain unknown.",unresolved,unknown,source_blocked,source_blocked,archive_label_only_unverified,no_final_instrument_or_direct_design_materials_recovered,sealed,"The DOI and publication identity are stable, but the result-bearing article was not opened to reverse-engineer the design. Randomization, stimuli, action set, outcome wording and orientation, beneficiary, sample identity, and possible fielding duplication therefore remain unverified. No participant data, abstract, result text, or aggregate statistic was opened."
19,20,Braman751,constitutional_authority_public_support_and_policy_legitimacy,participant,between_subject_2x3x2_fabricated_factual_article_factorial,"Twelve cells cross gun regulation versus undocumented-student tuition policy, three asserted constitutional-authority or expert-consensus states, and asserted public support over 85% versus under 15%.",fabricated_factual_world_states_not_deployable,text,ineligible,ineligible,not_applicable,fabricated_factual_world_states_not_deployable_actions,sealed,"The final instrument and debrief prove that the articles manufacture public-support levels, expert consensus, predicted Supreme Court treatment, and constitutional authority. A legitimate communicator cannot choose these claims under one fixed factual world, and issue-fixed subsets do not repair the truthfulness failure. The staged audit stopped after the final instrument. No participant file or result-bearing text was opened."
20,21,Schnabel903,religion_gender_stereotype_measurement,participant,multiple_independent_identity_attribute_factorials_and_false_feedback,"Independent randomized components vary a target's religion, gender, religiousness, dogmatism, or institution and separately provide a fabricated personal gender-identity score before perception or religious-attitude questions.",target_attributes_and_measurement_not_deployable_actions,text,ineligible,ineligible,not_applicable,target_identity_and_biography_factorials_with_no_deployable_action_or_stable_utility,sealed,"The final instrument proves that the primary components alter target identity or biography and elicit femininity and masculinity perceptions without a stable beneficiary or monotone decision utility. The separate score component uses knowingly fabricated feedback and likewise lacks a defensible utility. The staged audit stopped after the standalone questionnaire; no archive, participant data, proposal, manuscript, field report, or results were opened."
21,22,wallaceS12,international_law_commitment_compliance_and_reputation,participant,between_subject_2x3x2_factorial_with_frozen_action_subset,"Twelve cells cross military versus economic context, hard treaty versus soft guideline versus no commitment, and violate or act versus comply or refrain. The deterministic subset freezes military source cells 1–6.",coherent_for_frozen_cells_1_2_3_4_5_6,text,extension_factorial_action_subset,eligible_extension,source_verified_scoring_contract_complete,,sealed,"A target-country policymaker can choose among six complete commitment-and-conduct strategies in one military context. Source Q1 asks U.S. support for a future military-cooperation agreement on a 1–5 support-to-oppose scale; lower response is better only for the target country's narrow reputational objective. Economic cells 7–12 are an omitted context and cannot form another task. Outcome-blind schema inspection froze XTESS097, Q1, weight, missing code -1, cell-6 reference, weighted Hajek estimation, and retained-cell support of 240/237/244/244/251/245 rows. No Q1 value, outcome summary, effect, or winner was opened."
22,23,gashS5,unresolved,unresolved,unresolved,"No final questionnaire, programmed instrument, codebook, supplement, or verified experiment-level design deposit was recovered from permitted direct metadata sources.",unresolved,unknown,source_blocked,source_blocked,archive_label_only_unverified,no_recoverable_final_instrument_or_verified_experiment_identity_from_permitted_stage_1_sources,sealed,"The archive title maps bibliographically to DOI 10.1111/polp.12128, but the publication title differs and no direct instrument verifies the exact archived fielding. Randomization, cells, action set, outcome scale, utility, beneficiary, and experiment-level duplication remain unresolved. The result-bearing article was not opened. No participant data or result text was accessed."
23,24,McCabeS19,health_cost_attribution_and_contact,participant,between_subject_five_arm_health_cost_frame,"Five cells assign control, insurer-experience, provider-experience, insurer-plus-government-cue, or provider-plus-government-cue frames before blame and contact-intention outcomes.",duplicate_fielding,text,ineligible,ineligible,not_applicable,duplicate_of_socsci210_3pcdm,sealed,"The official OSF node is exactly SocSci210 study 3pcdm and the final instrument identifies the same TESS 018 module, so this external row cannot add an independent experiment. The staged audit stopped at the duplicate gate. No participant file, codebook, field report, proposal, manuscript, or result-bearing text was opened."
24,25,KlarS44,abortion_issue_framing_and_civic_efficacy,participant,between_subject_three_arm_frame_with_randomized_comodule_order,"Control describes restrictive abortion laws generally; the gender frame emphasizes men and an attack on women; the partisan frame emphasizes Republicans and an attack on Democrats. A separately randomized Thorson module may appear first or second.",coherent_three_arm_historical_frame_policy,text,extension_cofielded_message_policy,eligible_extension,source_verified_weight_and_order_contract_pending,,sealed,"The three descriptions can coexist and are deployable historical communication frames. Catalogued Q1 abortion importance has no stable population-wide utility and Q3 does not identify the candidate; applying the frozen outcome hierarchy therefore selects catalogued Q2 perceived citizen efficacy, a 1–7 agree-to-disagree scale with U=(7-Y)/6 for a narrow civic-efficacy objective. This is not abortion-policy or public-welfare utility. Before scoring, verify historical truth, allocation, stored variable and weight mapping, and marginalize over shared-module order. Klar shares respondents and fielding with SocSci210 xtvu5/ThorsonS42, so they must share a split/fielding cluster and do not count as independent experiments for effective-N claims. No participant outcome or result-bearing text was opened."
25,27,relihan1399,pathogen_elite_partisan_cue_and_purity,participant,between_subject_three_arm_fabricated_elite_cue_article,"A neutral fictitious-pathogen article is compared with articles attributing opposing concern and dismissal statements to named Democratic and Republican elites; the partisan direction is reversed across the two cue arms.",fabricated_factual_world_states_not_deployable,text,ineligible,ineligible,not_applicable,factual_world_change_and_non_deployable_fabricated_elite_cue,sealed,"The final instrument and debrief prove that the AP article and named elite statements were created for the experiment. Assignment therefore changes asserted external facts and elite positions rather than a truthful action under one fixed world. The staged audit stopped after the programmed questionnaire. No participant file, frequency table, project report, proposal, manuscript, or result-bearing text was opened."
26,28,Howard823,expense_forecasting_debiasing,participant,duplicate_of_source_audited_socsci_experiment,"The external row resolves to the same OSF node, title, field instrument, and source bundle as SocSci210 study ztwqy.",duplicate_fielding,unknown,ineligible,ineligible,not_applicable,duplicate_of_socsci210_ztwqy,sealed,"Stable OSF and local source metadata prove that this is the already audited SocSci210 expense-forecasting experiment ztwqy, so it cannot add an independent task. The staged audit stopped at the duplicate gate; no new archive, participant data, publication prose, or results were opened."
27,29,MunschS68,overwork_gender_and_applicant_evaluation,participant,factorial_applicant_gender_work_history_performance_attributes,"The vignette varies applicant gender and name, actual 40-hour versus 50–60-hour work history, and a randomized performance rank before workplace evaluations and hiring judgments.",target_attributes_and_biography_not_deployable,text,ineligible,ineligible,not_applicable,target_identity_and_work_biography_attributes_not_deployable_actions,sealed,"The final instrument proves that assignment changes the applicant's identity, work biography, and performance facts rather than an intervention applied to one fixed target. Holding gender fixed does not repair the factual-biography change. The module is also co-fielded with SocSci210 9nphm and must not be treated as an independent respondent sample. The staged audit stopped after the questionnaire; no participant data, codebook, report, proposal, manuscript, or results were opened."
28,30,immigration,unresolved,unresolved,unresolved,"No final questionnaire, programmed instrument, supplement, or verified design deposit was recovered from permitted direct metadata sources.",unresolved,unknown,source_blocked,source_blocked,archive_label_only_unverified,no_recoverable_final_instrument_or_verified_design_deposit_from_permitted_stage_1_sources,sealed,"The archive row maps bibliographically to DOI 10.1111/j.1540-5907.2008.00353.x, but randomization, exact treatment cells, action set, outcome scale, utility, beneficiary, and source-level duplication cannot be verified without a direct instrument. The result-bearing article was not opened. No participant data, abstract, or result text was accessed."
29,31,Enos700,modern_racism_measurement_target_substitution,participant,between_subject_three_arm_question_target_label_substitution,"The same modern-racism measurement substitutes Black, Surinamese, or Mauritanian as the group named in each item before later common attitude blocks.",measurement_wording_not_deployable_action,text,ineligible,ineligible,not_applicable,measurement_target_group_substitution_no_deployable_action_or_stable_utility,sealed,"The catalogued primary is the wording-manipulated measurement itself, not a downstream outcome from a deployable intervention. Later stereotype and contested policy attitudes do not supply a source-grounded monotone utility or stable beneficiary. The staged audit stopped after the final questionnaire; no participant file, methodology, response report, proposal, manuscript, or result-bearing text was opened."
30,11,system_threat,demographic_change_threat,participant,one_factor_two_arm,"The external row resolves to TESS2 107: a majority-minority Census release versus geographic-mobility control with the same system-threat outcomes already represented by SocSci210 345ms.",duplicate_fielding,text,ineligible,ineligible,not_applicable,duplicate_of_socsci210_345ms,result_text_exposed_ineligible,"Official TESS program, instrument, stimuli, source proposal, and outcome identity prove that this is the same fielded experiment as SocSci210 345ms, so it cannot add an independent task. Crossref metadata unexpectedly embedded a qualitative result-bearing abstract; it was not used for deduplication. No participant values or arm statistics were opened. The linked SocSci210 345ms row is conservatively development-only and barred from canonical test evaluation."
31,26,willer845,racial_and_economic_threat_candidate_support,participant,between_subject_three_arm_distinct_factual_evidence_articles,"Economic-insecurity evidence and forecasts, racial-demographic-change evidence, or unrelated geographic-mobility evidence are presented before threat perceptions and candidate support outcomes.",factual_world_states_not_deployable,text,ineligible,ineligible,not_applicable,factual_world_or_evidence_change_and_no_coherent_deployable_action_set,sealed,"Identity recovery resolved the metadata orphan to official TESS/OSF node d3agv. The final instrument proves that arms substitute different factual evidence and world descriptions rather than truthful actions available to one decision-maker under a fixed world. No participant file, report, proposal, manuscript, result prose, or outcome data was opened."
