audit_order,experiment_id,selection_hash,osf_title,osf_url,released_condition_count,min_participants_per_condition,stable_common_task_ids,source_metadata_status,source_audit_status,outcome_access
1,c956y,029868c9e65043bbf3d89df5889bfd45fbd6e785176b417a7f00de1f74e2ef26,"Gasoline Prices, Inattentive Consumers, and the Energy Paradox",https://osf.io/c956y/,2,419,0|4,pinned,source_screened_ineligible,sealed
2,mzm26,0a392f858d4dcfc04b514c8a902fb54b4915795c619b70b68c6a13f33bc6fc55,"Helping the Homeless: Empathy, Race, and Perceptions of Homelessness in America",https://osf.io/mzm26/,4,182,0|1|2|3,pinned,source_screened_extension,sealed
3,d3agv,0b784dce32829e1096cacbc6256476c504b8931c4915b94b6036a674e4766afd,The Effects of Racial and Economic Threat on Support for the 2016 Presidential Candidates,https://osf.io/d3agv/,3,668,0|1|2|3|4|5|6|9,pinned,source_screened_extension,sealed
4,tcg8p,1010a43686dbb009f382476530a5a1b64773b9add6e2d984019a863f21948ba4,Do notifications affect consumers willingness to incur power outages? Evidence from Public Safety Power Shutoffs in California,https://osf.io/tcg8p/,3,669,0,pinned,source_verified_extension_continuous,sealed
5,4w9pz,130734ac97c576134a223ef163e2ad49426d715fe717d3d3f5b7a9156de3d8ea,When and How Teachers Communicate Growth Mindset Affordances to Adolescents,https://osf.io/4w9pz/,2,390,0|1|3|4,pinned,source_screened_core,sealed
6,yuazs,15a46a7e3c9fd5cf60779a29d5d5734b617f8ca7e2b9c983293ca64b1212aceb,"Priming, Projection, or Both? Reevaluating the Classic Priming Hypothesis",https://osf.io/yuazs/,3,686,0|1|5,pinned,source_screened_ineligible,sealed
7,4zscf,15de0a174cd2d0dbe5bf2996b25d4d1aa55ccfa65ecdc3d02feb5ab6ec90577c,Precarious Sexuality and Categorization of Sexual Orientation,https://osf.io/4zscf/,4,472,0|1|2,pinned,source_screened_ineligible,sealed
8,pb2rr,1734321eb712068abfc3613378e39007d930abd1e567a9071e4c49b3062154c5,Black–White Relations in the Wake of Hispanic Growth: Generosity and Identification,https://osf.io/pb2rr/,2,385,1|3,pinned,source_screened_extension,sealed
9,a42yg,18d9688eede40c5608b1c2f95237bd24015cc1b240aad66f26e803ebe8a64613,Conflict between curative and palliative goals among health care personnel: Elucidating psychological processes and resolving conflict through self-affirmation,https://osf.io/a42yg/,4,115,3,pinned,source_screened_extension,sealed
10,zx5b8,237b1d117df789ce2bf1f283d439413ff5215c45026cf81171c5e29111465925,Do the benefits of receiving affectionate touch generalize beyond satisfied couples?,https://osf.io/zx5b8/,4,277,0,pinned,source_screened_extension,sealed
11,nj5dx,2480f293122429ba5008b35d306e17fe5f59b2c8ab570ade872efe1cbb923600,How Social Class and the Framing of Income Inequality Affect Solidarity Within & Across Groups,https://osf.io/nj5dx/,2,904,0|7|8|9|10,pinned,source_screened_extension,sealed
12,sffyb,3968069ab9806c9c7d0187b49f0ac48cc2330311e656ea874ac3a1881334314e,Saving for retirement vs. Saving for a retirement with others: Motivating saving by framing retirement as a social experience,https://osf.io/sffyb/,2,636,0|1|2|3|4|5|6|7|8|9|10|11|12,pinned,source_screened_extension,sealed
13,a2nbf,3c36312656087741d57f92d7e197477a8b7c461347a56ae96691c4e3d449bc11,An Experiment Testing Possible Question-Wording Effects on Key General Social Survey Indicators of Attitudes toward Genetic Testing,https://osf.io/a2nbf/,2,773,0|1|2|3,pinned,source_screened_ineligible,sealed
14,egmxd,41c8d480e739d41f5de3a2cd6fcdd55c617a820a95d3d8e84b0e655c7c1ad6d9,Do Sustainability Labels Lead to More Sustainable and Healthier Food Choices?,https://osf.io/egmxd/,3,1667,1|2|3|4,pinned,source_screened_extension,sealed
15,ervm8,4272135b419e3690675a70488d0c7be5fb0f3a439e0a3017b08378b533b358d3,Experiments to Reduce the Overreporting of Voting: A Pipeline to the Truth,https://osf.io/ervm8/,3,830,0,pinned,source_screened_ineligible,sealed
16,de5hx,452b6226869696b4028447ea958b709bd53b02da6b77bb7244a8f0c73b7cde1e,"Risk Orientations, Status Quo Frames, and Electoral Choice",https://osf.io/de5hx/,3,324,0|1,pinned,source_screened_core,sealed
17,345ms,458d541299303781daa613a2dfc220fbbb964aa3618204625a0bc14a4e5a036a,Is the Impending Majority-Minority United States Seen as a System Threat to White Americans?,https://osf.io/345ms/,2,301,0|1|3|4|6|7|9|11|14|16|17|18|19,pinned,source_screened_core,sealed
18,kryns,45bca04bc74c51ae46468343d86a77d4e060294b5ae74ca4967ab61db6f4b452,The Future of Latinos’ Policy Attitudes Amid the Rising Diversity in the United States,https://osf.io/kryns/,3,260,0|1|2|3|4|5|6|7|8|9|10|11|12|13|14|15|16|17|18|19|20|21|22,pinned,source_screened_extension,sealed
19,9n7hj,4cf4fe851c7eaad15b1e28d9e1aee3781c1c1e8097e3ccb2922fa439d47c76fc,Anger: Racial Resentment Drives Opposition to Health Care Reform,https://osf.io/9n7hj/,4,212,0,pinned,source_screened_extension,sealed
20,5mt6r,4fd9f2564c76ab6881b5603729d18f383b1a2fb433b808fe6f81da4a35774f22,Improving Measurement of Self-Reported Health: Effects of Question Context and Response Order,https://osf.io/5mt6r/,4,665,0|1|2|3|4|5|6|7,pinned,source_screened_ineligible,sealed
21,6wbd7,5743f81f88d44b2b54dc92b4067cc34a5058654d9999a4f82530162691c847bd,Does Elite Philanthropy Increase Support for Plutocracy?,https://osf.io/6wbd7/,3,745,4|5|6|7|8|9,pinned,source_screened_extension,sealed
22,gx6hp,576a34ff57a79b494bb142cdf63c68ed9fe7bedd5ee17d0342d3e2e74e96b0d8,Consequences of Violent Political Rhetoric,https://osf.io/gx6hp/,2,251,0|1|2|3|4|5|6|7|8|9|10,pinned,source_screened_core,sealed
23,ftwqy,595a55e14ed9dc87b7d76034c40c30fa94e001796f657f5a21f2f96949486ee8,Devaluation and Valuation in the Labor Market,https://osf.io/ftwqy/,2,299,0|1|2|3|4|5|6|7|8|9|10|11|12|13|14|15|16|17|18|19|20|21,pinned,source_screened_extension,sealed
24,jtgyq,5c073f518b93d73afebeeba46d36235697d14d989564f9b229d32635b84c5d7c,Explaining the Prevalence of White Biological Racism against Blacks,https://osf.io/jtgyq/,2,676,1,pinned,source_screened_extension,sealed
25,84vy3,5c18c7f53590059d5efd0123f6b8240541a029876431683d49dbca9d329a4295,User-Generated Political Communication: An Experimental Test of Perceived Credibility and Persuasive Impact,https://osf.io/84vy3/,2,246,0|1|2,pinned,source_screened_extension,sealed
26,9fehm,618c8c2ba78010480e2daa5e9ad904586106ec62177718e1aaad55eac46c9af6,Intuitive Conservatives and Analytical Liberals: Ideology and Dual-Processing Theory,https://osf.io/9fehm/,3,173,0|1|2|3|4|5|6|7|8|9|10|11|12|13|14|15,pinned,source_screened_extension,sealed
27,es4xw,64f69c3c89641b500546d75ac4bbecba334e9f679cde16462fb905ebf32c4bca,Perceptions of Diversity Across Groups,https://osf.io/es4xw/,4,604,1|2,pinned,source_screened_extension,sealed
28,w72cz,6734d398cbbbaf1958a9bca2465a21af744d1b824e8ae58e281669040a3dc3a7,Can masking of video data reduce perceived invasion of privacy?,https://osf.io/w72cz/,4,510,0|1|2|3,pinned,source_screened_extension,sealed
29,z358z,6c8c9d1701f439028783ada7fb1b75ab26e4797a15e8117fe062f203fb640110,Randomized Drug Trials without Consent? The Public's Perspective,https://osf.io/z358z/,4,488,2|3|4|5|6,pinned,source_screened_extension,sealed
30,e2pyb,70c07fb0391edc5dde8d8bc03315bdffa208cd1ef4537b6bb6adb45bbe002021,Health-Related Racial Inequality Motivates Support for Action,https://osf.io/e2pyb/,3,529,0,pinned,source_screened_extension,sealed
31,52ymc,72c0406a2bd13470f902f5563d4c758b3f0cc9e1955e8e3335f8d35afeb52c2f,Do White Americans’ Beliefs about Racial Inequality depend on the Sex of the Target Group? Evidence from a Survey Based Experiment,https://osf.io/52ymc/,3,1180,0|1|2|3,pinned,source_screened_ineligible,sealed
32,hgmu6,753013e523ec32353dae47e3e708d17e78f27247a9702b605e0d0d13ed3cf885,Backlash Effect? White Americans' Response to the Coronavirus Pandemic,https://osf.io/hgmu6/,2,288,0|1|2|3|4|5|6|7,pinned,source_screened_core,sealed
33,yp736,7563b16e931bf3aaa11ead9008aa1228c98b43974b1b4f0506132e929f4cb838,Politics and purity: The effect of elite partisan cues on pathogen perceptions,https://osf.io/yp736/,3,641,3|4|5,refetched,source_screened_extension,sealed
34,fct42,78759467abfac263265d63feb64871fac6eed17118d472c5f934c0a6b183a77b,What Counts as Racism? How Conceptual Disagreement Fuels Social and Political Division,https://osf.io/fct42/,2,1011,4|5|6,pinned,source_screened_ineligible,sealed
35,xtvu5,790c9de4d5011c50f82c59f9b8bc8e6faee6bdd8b12a9fb4e9b2f34203b5c9eb,Effects of Misinformation News Coverage on Media Trust,https://osf.io/xtvu5/,2,1059,0|1|2|3|4|5|6|7|8|9|10,refetched,source_screened_ineligible,sealed
36,3rvgz,7eaf5282ad9c827603d76c8a9bd5269ea889406bf383e5cdfe4449ff58d6ce12,Racialized Organizations and the Reproduction of Inequality: Assessing Support for Whiteness as a Credential and the Preservation of Racial Ignorance,https://osf.io/3rvgz/,2,442,4|13|14|15|16|22|23,pinned,source_screened_ineligible,sealed
37,ztwqy,97c6693902c9f97c7cbd1aef55bb38d260520c237ccdee5809a179ac1e40d102,Understanding the Expense Prediction Bias,https://osf.io/ztwqy/,3,413,0|1|4|5|6|7|8|9|10,refetched,source_screened_extension,sealed
38,5hqan,98c790e424a4ae870076b2d57c33523f08678ff7d87e5c40983dd28812ad8f9d,Gender Identity and Diversity,https://osf.io/5hqan/,2,1029,0|1|2,pinned,source_screened_ineligible,sealed
39,yn7mx,9926362cb13880ea5bb16c2697598e9faa7b85ebc70e8ea631d9e906adec083d,Do Americans Think Surgeon = Male in 2019?,https://osf.io/yn7mx/,3,1000,0|1,pinned,source_screened_ineligible,sealed
40,s43kb,9bd7fe41eb2dc8a48b504a4856ecd2945baab6c2fab01c8ae86c7f68b3fee828,How Conflict Orientation Influences Emotional and Political Responses to Incivility,https://osf.io/s43kb/,4,749,0|1|2|3|4|5|6|7|8|9,pinned,source_screened_extension,sealed
