audit_order,experiment_id,source_file_count,source_bundle_sha256,outcome_access
1,c956y,3,f92876f8e01d7046ca95b06eca5d74c8bd11af762a64b9ca9cb9f80e62a39ef3,sealed
2,mzm26,4,66fe9226b228a22fd9500908b7eed82b65ee1d26e19dcb3dbabb819afa563330,result_text_exposed_non_test
3,d3agv,3,78ab1356e928f91127cf36405e9b1e54763c4ee8aa2a1b64a2e34c31ebf41a06,sealed
4,tcg8p,5,24d2d881930897b95d54a4ef2ac71b9e576a925086eb9b6db56299034123b856,sealed
5,4w9pz,5,a1abefe0dc32b824c45f5a2180fc215767fc981eb43746e6fc267558a9f07537,sealed
6,yuazs,3,2966d8035633c105635ad78f26c8f8a30d3f956a1c22dfcf7766369c08b18066,sealed
7,4zscf,3,62fef26c5fb493df0248993a7a0d02e0f6ba3dca1408c2e2c1b02d12df1ac12e,sealed
8,pb2rr,5,86b895939458c4c0b30754059a5e3801a88626a11091c91c64aaf71276fa7218,sealed
9,a42yg,3,8acb176576e73f8d18380baaf4f31ca081028b6e14ee922e70ef987b41a5f413,sealed
10,zx5b8,5,348e14638e6fc280764fac1094fe1a0cc94eb629fddf9b471a1e88df4434ad9a,sealed
11,nj5dx,5,6d8327ef3975c788544af381b75d2e4d2d0c99885ae6590f065639a9468051db,sealed
12,sffyb,5,182587f75aeab6c860e4b077f5433a6aae0a4f67a0aa5b50678b9d3b4b86fe3a,sealed
13,a2nbf,3,6598e0ad86962650ac6eb9243fbced729df21733782db87f3a67a41ea8858fdb,sealed
14,egmxd,5,3143eb314e5b08785c052c989d8f03440bce6712d49b920e6405d6fc0c9b2fd6,result_text_exposed_non_test
15,ervm8,3,51cf0e2370ec5bf84e35fa0ed46219c54945de42976b63d09f305c8c938b47fc,sealed
16,de5hx,3,bf904f2d24e3be3455058624ed4b48185ea60f56d187b3e634556182fde3414a,sealed
17,345ms,3,5a318cb8868e589b3626696975fd5d22dfea45cc5b667d1c5c6cb970d662f9b9,result_text_exposed_non_test
18,kryns,6,fa9f67412d0712627a2abdf07e11858773d44c265eddfd135db969fd244eb37e,sealed
19,9n7hj,4,2860e13e9526b29aaf103c6f4f6679f849d30bec86ec5caf2bd20fd4d112e063,sealed
20,5mt6r,3,2509b75494e749dcbf00c41872dfa604a733420a5efdcf0d7edb25b0ad53b595,sealed
21,6wbd7,7,3d3ef952ea81570a0b18d97906cd095c980d87673620398541e7c847025821ec,sealed
22,gx6hp,3,f3d132314e6bab7d68cd22f24fa3466fae4d4a9d64e50c634ea47304a5999319,sealed
23,ftwqy,3,6773e7181e6b91b1a93401d0736be00a0f54a60c3c5f3198d37cb9d8b6db0914,sealed
24,jtgyq,2,5b797c2916b4725e4eef4e5c6b4ce936b012ab20fd42aaf903ddf33a2e0675b0,sealed
25,84vy3,4,6366fe90ee21ba7dc435860bbd44ae2d44fd496072ca6f987222b1acb28fadd1,sealed
26,9fehm,3,f4bdbf1770e9a2ce4fc879e13290f86d19a0d26956dd1833c42b97ed3ea48fd2,sealed
27,es4xw,3,0a2a50e66624952864ca9a4f756551006727219783e5891a222b7805f8f7a669,sealed
28,w72cz,3,b0c8ed0d97bb22926ac6558c19be2dcd4763874acc607a5b3f5b8b05b2227d3d,sealed
29,z358z,3,98c7cee886c0fd1fb9dd3a319981b6b222fa75b3dab0aebca61af7650f3597ea,sealed
30,e2pyb,5,ca26f4b2c7813416f66806f26db5c8ef48f1b37147466604c225e3dbc3567fad,sealed
31,52ymc,5,f13cecd5bcdb75ccf507b5cd6d8d18b527d89d5d0ab39023119f39d363c4dd01,sealed
32,hgmu6,4,b4ae856720f926c00ae14bd985fcd4e3b5acdba208496b701a763750a2e99181,sealed
33,yp736,5,368574bea34321cec797d6b753f60e945121dc2ca413827c6f62e2601f53f2b0,sealed
34,fct42,5,2ac4ff91f8787361ce892d509d5ec9b59efca75e9203b3afb0d7e5c72d581ab6,sealed
35,xtvu5,4,dca81ea276691f270c4380c76d5615c8eebbb666881eed5735c316ce0a113d44,sealed
36,3rvgz,6,5211c27afecf36ceb16d2a19c1937bca2033047212f4c3e285369592857a3726,sealed
37,ztwqy,2,ee0b4abf9b637afdb8e4f61a0b213e4e71af681ff28d795d4790df6e65e8a47a,sealed
38,5hqan,3,d1f39599769a76dfaaca8a21ccb41fec147dc8a37928d17a8a4bbdd6c75c8a24,sealed
39,yn7mx,3,61a68a10aca773848de45f39f3bcfa8026e6b364564eda9d0bd781dd16c5f80f,sealed
40,s43kb,3,4e4d42a7414376ae87657a7757574f04a5d1b164fe0f447c96bfc4970c0abb0a,sealed
