freeze_order,osf_node_id,study_title,audit_status,decisive_gate,scientific_survivor,fielding_cluster_id,outcome_access,result_text_exposed,source_files,notes
1,w7qfa,Internalized Consensus: The Effect of Episodic Narratives on HIV/AIDS attitudes among African Americans,ineligible,incompatible_target_biographies_and_factual_claims,false,spence460,sealed,false,spence460.zip=935998c0f221246507630a80af4f395998ef269955a7d69af711e364c4b77744|final_questionnaire=d75e87a63ac85eade1dfa6dd4b6e227f4c0a2c395780554acff83d03a9148ab3,No fixed-world deployable action subset certified from the explicit final questionnaire.
2,jptdn,"Going Against the Grain: The Intersection of Framing, Source Credibility, and Predispositions",source_blocked,no_explicitly_labeled_final_instrument,false,arceneaux310,sealed,false,arceneaux310.zip=124d051f2456fc443803cb50a1557ca8f86fb0ddd59862353e2a8e155169c92a,Ambiguous TESS31_Arceneaux_final.doc was not opened under the frozen file-label gate.
3,dvwu7,Self-Affirmation and Defensiveness to Health Messages for the Self vs a Close Other,conditional,mechanical_human_mapping_and_interactive_adapter_only,true,Ferrer549,sealed,false,Ferrer549.zip=4443127aab841afad43443dcbf9c4bb6b18c6ff8d814a30a20b5d136f8fbd050|final_questionnaire=321fdc3fbae3827806f5adb97a6cd839b515eb7d64c8cdf3b20f3431bc75cd40,Frozen cells 1 and 3 compare self-affirmation with active control in one self-target cancer-risk context; Q9a weight-loss intention is bounded 1-7 higher better.
4,tfr7g,The Political Backlash Against Globalization? Framing Effects Information and Attitudes Toward International Trade,source_blocked,no_explicit_final_instrument,false,hiscox136,sealed,false,hiscox136.zip=59a720dcb2a8a7f94ecced2d6f6052b8d68e7166acbefd4326d2d0eb08442bb3,Only code files a codebook a generic PDF a forbidden report and participant data were listed; none opened.
5,ug27f,Generalization of the Valence Framing Effect,source_blocked,ambiguous_final_doc_not_explicit_instrument,false,bizer321,sealed,false,bizer321.zip=696ad35121482e7889e2e3d8bb3efe938348da42a2e4996cf48b44387ad0b8ae,tess49_bizen-larsen_FINAL.doc was not opened because final alone did not identify it as a questionnaire survey programming document or fielded instrument.
6,zyqcj,Does Self-affirmation Influence Health Message Processing through Changes in Construal Levels?,source_blocked,no_explicit_final_instrument,false,Xuan1195,sealed,false,Xuan1195.zip=7a1a2ebcb4fd9a4ff687529a059b7281db8d2aa23b609009c9a97c7b6f685992,No explicitly labeled permitted instrument in the archive; proposal report codebook description IRB and participant data were untouched.
7,6nqkd,Impact of Information Disclosure on the Attractiveness of a Social Network Site Profile,source_blocked,exact_sixteen_profile_images_unavailable,false,Baruh775,sealed,false,Baruh775.zip=c1c8275eb12f07125d7d606232d0ce136e32f9aa812630507851bd3edfc728f7|final_instrument=efc98e64f2da1deb83675568777694fbb6d61758d7898f96a168632379db3d68,Final instrument references sixteen external JPG stimuli absent from the complete public design archive.
8,zsdme,American Attitudes Toward the International Criminal Court: Framing Effects Endorsement Effects and the Idea of Multilateral Justice,source_blocked,no_explicitly_labeled_instrument,false,simmons325,sealed,false,simmons325.zip=57de4e2fbb99cacf438e2d703b0f3af7d1542ea18b8d3bc46feb15ce8848afdb,Ambiguous generic and q documents were not opened; participant SAV untouched.
9,thpxf,Tone and Information in Negative Campaign Advertising,source_blocked,no_explicitly_labeled_instrument,false,brooks242,sealed,false,brooks242.zip=40cf0004ac29ea52b8e46ee426c87b21ba8aca424f3c314841d4b07249696d69,Only an ambiguous client DOC a forbidden completion report and participant SAV were listed; none opened.
